,Date,Title
0,2021-01-02 , 삼성전자우 강력 매수 신호 4가지 매수 적기
1,2021-01-05 , 삼성전자우 2021년 주가 급등 요인 5가지 매수 적기
2,2021-01-05 , 삼성전자우 반도체 호황기 돌입 300 급등 시작 매수 적기 1
3,2021-01-13 , 삼성전자우 상승하는 분명한 이유가 있다 매수후 강 홀딩
4,2021-01-24 , 속보 삼성전자우 급등전 매수를 128 특별배당배당 파격인상
5,2021-01-27 , 삼성전자우 호재 11가지 다수 발생 이번주 역대급 상승 전망
6,2021-01-27 ,포스코케미칼 놀랍네요 진짜
7,2021-01-29 ,개미필독 미 게임스탑 공매 전쟁 승리 한달만에 20배 폭등
9,2021-01-31 ,비슬산 성인 주주기도
11,2021-02-02 , 속보 삼성전자우 연기금 10만주 매수 들어옴 매수 적기 1
12,2021-02-09 ,폭망의 사태 대비
13,2021-02-13 , 삼성전자우 속보 퀄컴 차기 5칩 삼성 4나노 공정에 맡길듯
14,2021-02-22 , 속보 마이크론 3 급등 반도체 삼성전자우 급등 타이밍
15,2021-02-25 , 삼성전자우 향후 10년간 510배 상승 이끌 업종은
17,2021-03-04 , 삼성전자 1분기 영업이익 891조40 큰 증가 삼전우 매수
18,2021-03-04 ,넘 고평가됬네
19,2021-03-14 , 속보 삼성 퀄컴 차세대 플래그십 도 위탁생산대형호재
20,2021-03-17 , 삼성전자우 외국인 집중 매수반도체 가격 급등 본격상승 1
21,2021-03-21 , 삼성전자우 배당 자격일5 선 매수시 수익 유리
22,2021-03-28 , 삼성전자우 배당 마지막 329월 선 매수시 수익 유리
23,2021-03-30 , 삼성전자우 46 호실적 발표 영업이익 40 급증 전망
24,2021-04-02 , 삼성전자 목표가 120000원 407 추가 상승여력 매수 유효
25,2021-04-06 , 삼성전자우 47수 호실적 발표 영업이익 40 급증 전망
26,2021-04-16 , 삼전우 오늘 특별배당작년 4분기 배당 13조원 배당금 나옴
27,2021-04-20 , 속보삼성 70조 대박투자 반도체 투자 이르면 내달 나올듯
28,2021-04-22 , 삼전우 마지막 매수 기회 못 사면 평생 후회 세력 입성중
29,2021-05-08 ,공매도 이기는법을 영상하나로 끝내드립니다
30,2021-06-03 ,코리아 인베스트먼트 페스티벌 2021
31,2021-06-06 , 속보 3일간 엔비디아 8 폭등 반도체 삼전우 급등 타이밍 1
32,2021-06-07 ,포케 쓰레기네 
33,2021-06-09 , 삼성전자우 12만원 간다 근거 2가지 선 매수 유리
34,2021-06-14 , 삼성전자우 장기투자시 엄청난 수익률엄청난 배당금 1
35,2021-06-21 , 삼성전자우 마지막 매수기회 못 사면 평생 후회 세력입성 1
36,2021-06-23 ,오늘도 마무리 잘하셨나요
37,2021-06-24 , 삼성전자우 강력 매수 신호 발생 5달간 조정 마무리 매수 1
38,2021-06-27 , 삼성전자우 2분기 배당일 628월 월요일 마지막 매수 기회
39,2021-07-05 , 삼전우 2분기 서프라이즈 실적 발표 임박 77수 선 매수
40,2021-07-08 ,아직 아무도 못본듯
41,2021-07-08 ,누구 장닌이냐
42,2021-07-09 , 삼전우 강력 매수 신호 조정 마무리 국면 매수 적기
43,2021-07-11 , 삼전우 6달간 주가 충분히 쉬었다 12만원 까지 적극 매수
44,2021-07-13 ,시민단체 경실련 공매도 서명운동에 동참해 주셔요 
46,2021-07-19 , 희소식 삼성전자우 2분기 사상 최대 서프라이즈 실적 발표
47,2021-07-26 , 속보 삼성전자우 외국인 8일간 110만주 대량 매수 매수적기
48,2021-08-02 , 속보 미국 필반도체지수 사상 최고치 경신 삼성전자우
49,2021-08-08 , 삼성전자우 강력 매수 신호 본격 상승 랠리 매수 적기 1
50,2021-08-17 , 삼성전자우 지금이 저가 매수 기회 5가지 이유 매수적기
51,2021-08-22 , 삼성전자우 향후 성장성 매우 높은 3가지  보유 선매수
52,2021-09-05 , 삼성전자우 폴더블폰 10배 폭풍 성장 대박호재 매수 적기
53,2021-09-08 ,부의 몰락 달러와 금의 흐름으로 읽는 한국의 미래
54,2021-09-13 , 삼성전자우 강력 매수 신호 낙폭과대 저가 매수 기회 1
55,2021-09-13 ,포스코 케미칼
56,2021-09-21 ,기이한 경제현상2016부터 달러가 오르면 금값도 올라   
57,2021-09-22 , 삼성전자우 3분기 배당일 9282 배당일 전에 선 매수 유리
58,2021-10-04 , 삼성전자우 3분기 최고 실적 발표 임박 108금 선 매수
59,2021-10-08 ,포스코케미칼 주주라면 필독
60,2021-10-08 ,허위보도로 손해를 끼친 디지털데일리
61,2021-10-10 ,알고가세요
62,2021-10-11 , 삼성전자우 대형호재 3나노 제품 보다 앞서 내년 생산
63,2021-10-14 ,공매도폐지청원입니다
64,2021-10-17 , 삼성전자우 본격 상승신호 5가지는 선 매수 훨씬 유리
65,2021-10-20 ,투자진흥원 한국투자진흥원 계좌박살ㅈ됨
66,2021-10-24 ,포스코 케미칼 증권사 분석 리포트 정리내용
67,2021-10-25 ,포스코는 니켈 광산 있어 중국산에 휘둘리지 않는다
68,2021-10-29 ,포스코케미칼 전반적인 가치는
69,2021-10-31 ,포스코케미칼 고민이시라면
70,2021-10-31 , 삼성전자우 지금이 저가 매수 기회 4가지 이유 매수적기
71,2021-11-04 ,진짜
72,2021-11-06 ,월급쟁이와 가난뱅이가 부자 되는 방법은 오로지 2가지 뿐
73,2021-11-07 ,포스코케미칼 관계자 관련으로
74,2021-11-07 , 삼전우 최근 기관외국인 107만주 쌍매수 강력 매수 신호
75,2021-11-08 ,현 상황이라면 어떻게 될지 모르겠네요
76,2021-11-20 ,혼자가 아닙니다 우리함께해요
77,2021-11-20 ,삼성도 본사 사옥까지 팔아서 100조를 대기중인 이유2 
78,2021-11-21 , 삼성전자우 월요일 갭상으로 시작 종가 큰 상승 확실
79,2021-11-22 ,포스코케미칼 지금이라도 확실하게
80,2021-11-27 ,한국도 일본처럼 투자할 곳이 완전히 사라진다2
81,2021-11-28 , 삼성전자우 강력 매수 신호 낙폭과대 저가 매수 기회
82,2021-12-03 ,결국 나와버리네요
83,2021-12-05 , 속보 삼성전자우 퀄컴 2가지 대형 수주 독식 매수 적기
84,2021-12-19 , 삼전우 특별배당4분기 배당6 연말까지 30 급등 가능
85,2021-12-22 , 속보 마이크론 9 폭등 삼성전자우 7 급등 전망
86,2021-12-26 , 삼전우 특별배당4분기 배당1 매수세 몰려 급등 상황
87,2021-12-27 ,미국  방송은 화이자 경구용약도 부작용 심각보도
88,2022-01-02 , 삼성전자우 2022년 전문가 들이 뽑은 최고의 종목
89,2022-01-17 , 속보삼성전자우 외국인 최근 717만주 집중 매수 매수 적기
90,2022-01-22 ,30년간 일본의 눈물  이제 시작 한국의 눈물 
91,2022-01-23 , 삼전우 강력 매수 신호 발생 대박 3대  장착 매수 적기
92,2022-01-26 ,포스코케미칼 지난해 연간 최대 경영실적 달성영업익 1019
93,2022-01-27 ,27일 시간외 개떡상주 나열
94,2022-02-06 , 삼전우 모건스텐리 추천 메타버스 최대 수혜주 강력 매수
95,2022-02-27 ,속보포케 전기차배터리 핵심 저팽창음극제투자 확대
96,2022-03-01 , 전기차 및 배터리 관련 전망 포스코케미칼
97,2022-03-06 ,주식에 장투하면 다 망한다주식을 전혀 몰라도 아이를 주식부자로
98,2022-03-08 ,포스코케미칼
99,2022-03-17 ,필독
100,2022-03-19 ,정년 후에는 아무 곳에도 투자하지 말라고 정년 후에도 20년씩 더
101,2022-03-20 , 속보 엔비디아 4일간 22 폭등 반도체 삼성전자우 급등
104,2022-04-08 ,하루만에
105,2022-04-08 ,포스코케미칼 채권 첫 발행
106,2022-04-10 ,꼭 이런사람 있더라
107,2022-04-11 ,모간 네이노옴
108,2022-04-11 ,포스코케미칼 증권사 분석 보고서 및 차트분석
109,2022-04-11 ,이정도만 알았어도 이정도손실은
110,2022-04-20 ,포스코케미칼 피앤오케미칼에 5699억 출자
111,2022-04-25 ,전쟁 상해봉쇄
112,2022-04-26 ,주가 차트보고 저점 매수하는 방법 공유드립니다
113,2022-04-29 ,양극재 원재료 가격 지표 투자할때 참고용으로 보셔요
114,2022-05-03 ,한국의 눈물 삼성도 사옥까지 팔아서 100조를 대기중인 이유  
115,2022-05-20 ,주식에 장기투자 하면 다 망한다하지만 주식을 전혀 몰라도
116,2022-05-29 ,포스코케미칼 주가 전망 및 분석
117,2022-06-16 ,코리아 인베스트먼트 페스티벌 2022에 초대합니다
118,2022-06-24 ,지금은 관망만 해라더빠진다
119,2022-06-26 ,지인과 독자들께 보내는 향후 10년 이상의 한국시장의 투자레터 
